"id","English","Draft te reo Māori","Status"
"language.label","Language","Reo","Draft — not reviewed"
"language.draft","Draft translation. This te reo Māori translation was generated by AI and may contain mistakes. It has not yet been reviewed by a fluent speaker.","","Untranslated"
"language.fallback","Some information is still shown in English.","Kei te whakaaturia tonu ētahi kōrero ki te reo Ingarihi.","Draft — not reviewed"
"language.session","Your language choice will last for this session only; device storage is unavailable.","Ka mau tō kōwhiringa reo mō tēnei wā whakamahi anake; kāore e taea te rokiroki ki tēnei pūrere.","Draft — not reviewed"
"language.changed","Language changed to {language}.","Kua hurihia te reo ki {language}.","Draft — not reviewed"
"flow.destination.title","Where would you like to go?","Kei te hiahia haere koe ki hea?","Draft — not reviewed"
"flow.origin.title","Where are you travelling from?","Kei te haere mai koe i hea?","Draft — not reviewed"
"flow.review.title","Review your journey","Arotakengia tō haerenga","Draft — not reviewed"
"flow.reviewNearby.title","Review departure preferences","Arotakengia ngā manakohanga wehenga","Draft — not reviewed"
"flow.options.title","Choose your journey","Kōwhiria tō haerenga","Draft — not reviewed"
"flow.follow.title","Your next step","Tō hipanga e whai ake nei","Draft — not reviewed"
"flow.arrived.title","You’re there.","Kua tae koe.","Draft — not reviewed"
"flow.nearby.title","Your next ride nearby","Tō ekenga e whai ake nei, e tata ana","Draft — not reviewed"
"flow.destination.progress","Plan a journey","Whakaritea he haerenga","Draft — not reviewed"
"flow.origin.progress","Choose your starting place","Kōwhiria tō wāhi tīmatanga","Draft — not reviewed"
"flow.review.progress","Time and travel needs","Te wā me ngā hiahia haerenga","Draft — not reviewed"
"flow.options.progress","Choose a route","Kōwhiria he ara","Draft — not reviewed"
"flow.follow.progress","Follow your journey","Whāia tō haerenga","Draft — not reviewed"
"flow.arrived.progress","Journey complete","Kua oti te haerenga","Draft — not reviewed"
"flow.nearby.progress","Compare nearby stops","Whakatauritea ngā tūnga e tata ana","Draft — not reviewed"
"flow.destinationSelected","Destination already selected: {place}","Kua kōwhiria te ūnga: {place}","Draft — not reviewed"
"action.back","← Back","← Hoki","Draft — not reviewed"
"action.newJourney","New journey","He haerenga hou","Draft — not reviewed"
"action.understood","Understood","Kua mārama","Draft — not reviewed"
"action.settings","Settings","Ngā tautuhinga","Draft — not reviewed"
"action.closeSettings","Close settings","Katia ngā tautuhinga","Draft — not reviewed"
"action.home","Along home","Te kāinga o Along","Draft — not reviewed"
"action.skip","Skip to current task","Haere ki te mahi o nāianei","Draft — not reviewed"
"action.chooseOrigin","Choose starting place →","Kōwhiria te wāhi tīmatanga →","Draft — not reviewed"
"action.review","Review journey →","Arotakengia te haerenga →","Draft — not reviewed"
"action.reviewNearby","Review departure preferences →","Arotakengia ngā manakohanga wehenga →","Draft — not reviewed"
"action.find","Find my way →","Kimihia tōku ara →","Draft — not reviewed"
"action.findNearby","Show nearby departures →","Whakaaturia ngā wehenga e tata ana →","Draft — not reviewed"
"action.nextStep","Next step →","Te hipanga e whai ake nei →","Draft — not reviewed"
"action.previousStep","← Previous step","← Te hipanga o mua","Draft — not reviewed"
"place.destination","Destination (to)","Ūnga (ki)","Draft — not reviewed"
"place.origin","Starting place (from)","Wāhi tīmatanga (mai i)","Draft — not reviewed"
"place.help","Enter a street address, station or stop, then choose a suggestion.","Tāurutia he wāhitau, he teihana, he tūnga rānei, kātahi ka kōwhiri i tētahi huatau.","Draft — not reviewed"
"place.originHelp","Or enter the address or stop you will leave from, then choose a suggestion.","Tāurutia rānei te wāhitau, te tūnga rānei ka wehe atu koe, kātahi ka kōwhiri i tētahi huatau.","Draft — not reviewed"
"place.placeholder","Street address or stop","He wāhitau, he tūnga rānei","Draft — not reviewed"
"place.destinations","Destinations","Ngā ūnga","Draft — not reviewed"
"place.origins","Starting places","Ngā wāhi tīmatanga","Draft — not reviewed"
"place.from","From","Mai i","Draft — not reviewed"
"place.to","To","Ki","Draft — not reviewed"
"action.nearby","Just find a nearby departure","Kimihia noa he wehenga e tata ana","Draft — not reviewed"
"action.explore","Explore a bus, train or ferry route","Tūhuratia he ara pahi, tereina, waka kōpiko rānei","Draft — not reviewed"
"action.editOrigin","Change starting place","Hurihia te wāhi tīmatanga","Draft — not reviewed"
"action.editDestination","Change destination","Hurihia te ūnga","Draft — not reviewed"
"action.swap","Swap origin and destination","Whakawhitia te wāhi tīmatanga me te ūnga","Draft — not reviewed"
"action.now","Set departure to now","Whakaritea te wehenga mō nāianei","Draft — not reviewed"
"action.return","Plan the return journey →","Whakaritea te haerenga hoki →","Draft — not reviewed"
"action.another","Go somewhere else","Haere ki wāhi kē","Draft — not reviewed"
"action.changeSearch","Change time or travel preferences","Hurihia te wā, ngā manakohanga haerenga rānei","Draft — not reviewed"
"action.compareNearby","Compare nearby departures instead","Whakatauritea ngā wehenga e tata ana","Draft — not reviewed"
"action.nearbyEdit","Change starting place or access preferences","Hurihia te wāhi tīmatanga, ngā manakohanga urunga rānei","Draft — not reviewed"
"action.nearbyPlan","Plan a journey to a destination","Whakaritea he haerenga ki tētahi ūnga","Draft — not reviewed"
"usual.title","Your usual journeys","Ō haerenga auau","Draft — not reviewed"
"preference.title","Journey preferences","Ngā manakohanga haerenga","Draft — not reviewed"
"preference.date","Departure date","Te rā wehe","Draft — not reviewed"
"preference.time","Auckland time","Te wā o Tāmaki Makaurau","Draft — not reviewed"
"preference.travelBy","Travel by","Haere mā runga","Draft — not reviewed"
"mode.bus","▣ Bus","▣ Pahi","Draft — not reviewed"
"mode.train","▥ Train","▥ Tereina","Draft — not reviewed"
"mode.ferry","≈ Ferry","≈ Waka kōpiko","Draft — not reviewed"
"preference.maxWalk","Maximum walk at each end","Te roanga hīkoi mōrahi i ia pito","Draft — not reviewed"
"preference.pace","Walking or rolling pace","Te tere hīkoi, te tere neke mā runga tūru wīra rānei","Draft — not reviewed"
"preference.avoid","Avoid mapped steps and barriers","Karohia ngā arawhata me ngā tauārai kua maherehia","Draft — not reviewed"
"preference.confirmed","Only confirmed accessible stops and vehicles","Ko ngā tūnga me ngā waka anake kua whakaūngia te āhei ki te uru","Draft — not reviewed"
"sort.label","Sort journeys","Kōmakahia ngā haerenga","Draft — not reviewed"
"sort.arrival","Earliest arrival","Te taenga wawe rawa","Draft — not reviewed"
"sort.transfers","Fewest changes","Ngā whakawhitinga ruarua rawa","Draft — not reviewed"
"sort.walking","Least walking","Te hīkoi poto rawa","Draft — not reviewed"
"journey.scheduled","Transit times are scheduled. Walking and access links are estimates.","He wā kua whakaritea ngā wā waka. He whakatau tata ngā hīkoi me ngā ara urunga.","Draft — not reviewed"
"journey.advance","Advance when you are ready. Along is not tracking your progress. Times are scheduled.","Haere whakamua ina rite koe. Kāore a Along e aroturuki ana i tō ahunga whakamua. He wā kua whakaritea ēnei.","Draft — not reviewed"
"journey.whole","Whole journey","Te haerenga katoa","Draft — not reviewed"
"journey.about","About these journeys","Mō ēnei haerenga","Draft — not reviewed"
"preference.summary","Depart {time} · {modes}{access}","Wehe i te {time} · {modes}{access}","Draft — not reviewed"
"preference.allModes","Bus, train & ferry","Pahi, tereina me te waka kōpiko","Draft — not reviewed"
"preference.chooseTransport","Choose transport","Kōwhiria he waka","Draft — not reviewed"
"preference.now","now","nāianei","Draft — not reviewed"
"preference.barriers"," · Avoid barriers"," · Karohia ngā tauārai","Draft — not reviewed"
"preference.confirmedOnly"," · Confirmed access only"," · Ko te urunga kua whakaūngia anake","Draft — not reviewed"
"preference.moreTime"," · More walking time"," · He wā hīkoi anō","Draft — not reviewed"
"mode.busWord","bus","pahi","Draft — not reviewed"
"mode.trainWord","train","tereina","Draft — not reviewed"
"mode.ferryWord","ferry","waka kōpiko","Draft — not reviewed"
"pace.usual","Usual · 4.5 km/h","Te tere auau · 4.5 km/h","Draft — not reviewed"
"pace.unhurried","Unhurried · 3.6 km/h","Āta haere · 3.6 km/h","Draft — not reviewed"
"pace.moreTime","More time · 2.9 km/h","He wā anō · 2.9 km/h","Draft — not reviewed"
"minutes.5","5 minutes","5 meneti","Draft — not reviewed"
"minutes.10","10 minutes","10 meneti","Draft — not reviewed"
"minutes.15","15 minutes","15 meneti","Draft — not reviewed"
"minutes.20","20 minutes","20 meneti","Draft — not reviewed"
"save.places","☆ Save these places","☆ Tiakina ēnei wāhi","Draft — not reviewed"
"save.saved","★ Saved places","★ Ngā wāhi kua tiakina","Draft — not reviewed"
"save.help","Remember this start and destination, without a route or departure time.","Puritia tēnei wāhi tīmatanga me tēnei ūnga, kāore he ara, he wā wehe rānei.","Draft — not reviewed"
"save.done","Starting place and destination saved. No departure time is saved.","Kua tiakina te wāhi tīmatanga me te ūnga. Kāore he wā wehe i tiakina.","Draft — not reviewed"
"save.removed","Saved places and any service preference removed.","Kua tangohia ngā wāhi kua tiakina me ngā manakohanga ratonga.","Draft — not reviewed"
"service.prefer","☆ Prefer these services","☆ Kōwhiria ēnei ratonga hei manakohanga","Draft — not reviewed"
"service.preferred","★ Preferred services","★ Ngā ratonga e manakohia ana","Draft — not reviewed"
"service.instead","☆ Prefer these services instead","☆ Kōwhiria ēnei ratonga kē hei manakohanga","Draft — not reviewed"
"service.help","Optionally remember these service numbers for next time. This also saves the places; departure times are checked again.","Ki te hiahia koe, puritia ēnei tau ratonga mō muri ake. Ka tiakina hoki ngā wāhi; ka tirohia anō ngā wā wehe.","Draft — not reviewed"
"service.removed","Service preference removed. Saved places are kept.","Kua tangohia te manakohanga ratonga. Ka puritia ngā wāhi kua tiakina.","Draft — not reviewed"
"service.saved","Places saved with preferred services: {services}. Times will be checked when you reopen it.","Kua tiakina ngā wāhi me ngā ratonga e manakohia ana: {services}. Ka tirohia ngā wā ina huaki anō koe.","Draft — not reviewed"
"service.compare","Compare without saved route preference","Whakatauritea me te kore manakohanga ara kua tiakina","Draft — not reviewed"
"follow.step","Step {step} of {total}","Hipanga {step} o te {total}","Draft — not reviewed"
"follow.arrived","I’ve arrived","Kua tae ahau","Draft — not reviewed"
"journey.walkTo","Walk to {place}","Hīkoi ki {place}","Draft — not reviewed"
"journey.use","Use this journey →","Whakamahia tēnei haerenga →","Draft — not reviewed"
"journey.savedRoute","Your saved route","Tō ara kua tiakina","Draft — not reviewed"
"journey.another","Another option","He kōwhiringa anō","Draft — not reviewed"
"journey.walkRoll","Walk or roll","Hīkoi, neke rānei mā runga tūru wīra","Draft — not reviewed"
"journey.noChanges","No changes","Kāore he whakawhitinga","Draft — not reviewed"
"journey.oneChange","{count} change","{count} whakawhitinga","Draft — not reviewed"
"journey.changes","{count} changes","{count} whakawhitinga","Draft — not reviewed"
"journey.walkMinutes","{minutes} min walking / rolling","{minutes} meneti hīkoi / neke mā runga tūru wīra","Draft — not reviewed"
"journey.minuteUnit","min","meneti","Draft — not reviewed"
"journey.walk","Walk","Hīkoi","Draft — not reviewed"
"journey.otherOne","See {count} other option","Tirohia tētahi atu kōwhiringa ({count})","Draft — not reviewed"
"journey.otherMany","See {count} other options","Tirohia ētahi atu kōwhiringa ({count})","Draft — not reviewed"
"journey.tryAnother","Let’s try another option.","Me whakamātau he kōwhiringa anō.","Draft — not reviewed"
"journey.nonePreferences","No route was found within these preferences.","Kāore i kitea he ara e hāngai ana ki ēnei manakohanga.","Draft — not reviewed"
"journey.adjust","Adjust journey preferences →","Whakatikaina ngā manakohanga haerenga →","Draft — not reviewed"
"journey.loading","Finding your way through Auckland…","Kei te kimi i tō ara mā Tāmaki Makaurau…","Draft — not reviewed"
"journey.oneWay","{count} way to get there","{count} ara kia tae atu","Draft — not reviewed"
"journey.ways","{count} ways to get there","{count} ara kia tae atu","Draft — not reviewed"
"journey.noneWindow","No journey found in this window","Kāore i kitea he haerenga i tēnei wā","Draft — not reviewed"
"journey.announced","{count} journey options. Earliest arrival {time}.","E {count} ngā kōwhiringa haerenga. Ko te taenga wawe rawa ko te {time}.","Draft — not reviewed"
"journey.noneAnnounced","No journey found with these preferences.","Kāore i kitea he haerenga e hāngai ana ki ēnei manakohanga.","Draft — not reviewed"
"mode.busTitle","Bus","Pahi","Draft — not reviewed"
"mode.trainTitle","Train","Tereina","Draft — not reviewed"
"mode.ferryTitle","Ferry","Waka kōpiko","Draft — not reviewed"
"walk.stationAccess","Station access is estimated. Check the entrance, lift and platform signs.","He whakatau tata te ara uru ki te teihana. Tirohia ngā tohu mō te tomokanga, te ararewa me te tūāpapa.","Draft — not reviewed"
"walk.directions","Walking directions · {metres} m","Ngā tohutohu hīkoi · {metres} m","Draft — not reviewed"
"walk.estimated"," (access link estimated)"," (he whakatau tata te ara urunga)","Draft — not reviewed"
"walk.checkSigns","Follow local crossing and access signs. Unmapped barriers and changes may affect this path.","Whāia ngā tohu whakawhiti me ngā tohu urunga o te wāhi. Ka pā pea ngā tauārai kāore i te mahere me ngā panonitanga ki tēnei ara.","Draft — not reviewed"
"place.addressType","Street address","Wāhitau","Draft — not reviewed"
"place.stationType","Station","Teihana","Draft — not reviewed"
"place.stopType","Stop {code}","Tūnga {code}","Draft — not reviewed"
"place.noMatch","No matching place. Try the street number, street name and suburb.","Kāore he wāhi e hāngai ana. Whakamātauria te tau whare, te ingoa tiriti me te takiwā.","Draft — not reviewed"
"error.destination","Choose a destination from the suggestions.","Kōwhiria he ūnga mai i ngā huatau.","Draft — not reviewed"
"error.origin","Choose a starting place from the suggestions, or use your location.","Kōwhiria he wāhi tīmatanga mai i ngā huatau, whakamahia rānei tō tauwāhi.","Draft — not reviewed"
"error.places","Choose both places from the suggestions.","Kōwhiria ngā wāhi e rua mai i ngā huatau.","Draft — not reviewed"
"location.use","Use my current location","Whakamahia tōku tauwāhi o nāianei","Draft — not reviewed"
"location.finding","Finding your location…","Kei te kimi i tō tauwāhi…","Draft — not reviewed"
"location.unavailable","Location is unavailable in this browser. Choose a stop instead.","Kāore e wātea te tauwāhi i tēnei pūtirotiro. Kōwhiria kē he tūnga.","Draft — not reviewed"
"location.failed","Could not get your location. You can choose a stop or station instead.","Kāore i taea te tiki i tō tauwāhi. Ka taea te kōwhiri he tūnga, he teihana rānei.","Draft — not reviewed"
"location.selected","Current location selected. Continue when ready.","Kua kōwhiria tō tauwāhi o nāianei. Haere tonu ina rite koe.","Draft — not reviewed"
